,Accuracy,Precision,Recall,F1-Score,ROC-AUC,Gini,KS-Statistic
Logistic Regression,0.785,0.660377358490566,0.5833333333333334,0.6194690265486725,0.7999999999999999,0.5999999999999999,0.5523809523809524
Random Forest,0.725,0.6923076923076923,0.15,0.2465753424657534,0.7764285714285715,0.5528571428571429,0.4261904761904761
XGBoost,0.745,0.5918367346938775,0.48333333333333334,0.5321100917431193,0.7935714285714287,0.5871428571428574,0.4952380952380952
